Germany,German
Hamburg,1739117,53.57532,10.01534
Dresden,486854,51.05089,13.73832
Spain,Spanish
Madrid,3255944,40.4165,-3.70256
Barcelona,1621537,41.38879,2.15899
South Korea,Korean
Seoul,10349312,37.56826,126.97783
Daegu,2566540,35.87028,128.59111
Peru,Spanish
Lima,7737002,-12.04318,-77.02824
Arequipa,841130,-16.39889,-71.535